{
  "database": {
    "total_persons": 3,
    "total_embeddings": 9,
    "persons": [
      {
        "name": "Morgan Freeman",
        "person_id": "person_001",
        "n_embeddings": 3,
        "n_failed": 0
      },
      {
        "name": "Keanu Reeves",
        "person_id": "person_002",
        "n_embeddings": 3,
        "n_failed": 0
      },
      {
        "name": "Scarlett Johansson",
        "person_id": "person_003",
        "n_embeddings": 3,
        "n_failed": 0
      }
    ]
  },
  "embedding_quality": {
    "intra_person": {
      "mean": 0.48024770617485046,
      "min": 0.03780073672533035,
      "max": 0.6805462837219238,
      "std": 0.23120051622390747,
      "details": {
        "Morgan Freeman": {
          "avg": 0.5519415736198425,
          "min": 0.46488165855407715,
          "pairs": 3
        },
        "Keanu Reeves": {
          "avg": 0.2454625964164734,
          "min": 0.03780073672533035,
          "pairs": 3
        },
        "Scarlett Johansson": {
          "avg": 0.6433389782905579,
          "min": 0.6160664558410645,
          "pairs": 3
        }
      }
    },
    "inter_person": {
      "mean": -0.013471058569848537,
      "min": -0.1098388284444809,
      "max": 0.04768538847565651,
      "std": 0.03289356827735901,
      "details": {
        "Morgan Freeman vs Keanu Reeves": {
          "avg": -0.00676129013299942,
          "max": 0.04768538847565651
        },
        "Morgan Freeman vs Scarlett Johansson": {
          "avg": -0.005384700372815132,
          "max": 0.045564915984869
        },
        "Keanu Reeves vs Scarlett Johansson": {
          "avg": -0.028267184272408485,
          "max": 0.035369623452425
        }
      }
    },
    "separation_gap": -0.009884651750326157
  },
  "threshold_tuning": {
    "optimal_threshold": 0.2,
    "best_f1": 0.875,
    "best_accuracy": 0.9444444444444444,
    "recall": 0.7777777777777778,
    "config_threshold": 0.4,
    "auc": 0.9897119341563786
  },
  "embeddings_file": {
    "path": "/Users/heung-ebit/Desktop/EdgeSystem/MissingPersonDetection/missing_persons_db/embeddings.pkl",
    "size_kb": 18.57421875
  }
}